CompanyName,FounderName
Google,"Google LLC is an American multinational corporation and technology company focusing on online advertising, search engine technology, cloud computing, computer software, quantum computing, e-commerce, consumer electronics, and artificial... Wikipedia"
Facebook,Mark Zuckerberg
Apple,"Apple Inc. is an American multinational corporation and technology company headquartered in Cupertino, California, in Silicon Valley. It is best known for its consumer electronics, software, and services. Wikipedia"
Tesla,Elon Musk
Amazon,Jeff Bezos founded e-commerce giant Amazon in 1994 out of his Seattle garage. Bezos stepped down as CEO to become executive chairman in 2021.
Microsoft,"Microsoft Corporation is an American multinational corporation and technology company headquartered in Redmond, Washington. Its best-known software products are the Windows line of operating systems, the Microsoft 365 suite of productivity... Wikipedia"
Netflix,"Netflix is an American subscription video on-demand over-the-top streaming service. The service primarily distributes original and acquired films and television shows from various genres, and it is available internationally in multiple languages. Wikipedia"
Uber,"Uber Technologies, Inc., commonly referred to as Uber, is an American multinational transportation company that provides ride-hailing services, courier services, food delivery, and freight transport. Wikipedia"
Airbnb,"Airbnb, Inc. is an American company operating an online marketplace for short-and-long-term homestays and experiences in various countries and regions. The company acts as a broker and charges a commission from each booking. Airbnb was founded in... Wikipedia"
Spotify,"Spotify is a Swedish audio streaming and media service provider founded on 23 April 2006 by Daniel Ek and Martin Lorentzon. As of June 2024, it is one of the largest providers of music streaming services, with over 626 million monthly active users... Wikipedia"